rank	player_id	measured_elo	matches	points	winrate	anchor_elo	track
1	alphaGem__ent_b80404367bdc0f00__v29	1443.579197	48	43.5	0.90625	1402.3	
2	alphaGem__ent_7a80b7a1aea9bcc5__v8	1412.809809	48	42.5	0.8854166666666666	1214.3	
3	alphaGem__ent_ffc284b49b6d3ace__v1	1409.032037	48	43.0	0.8958333333333334	1295.8	
4	anon__b5bd22232d3ab13b__7a115579be0e1581__v21	1393.925492	48	45.5	0.9479166666666666	1399.7	
5	rank02__ccz181078__萌新__v24	1390.432785	48	41.0	0.8541666666666666	1130.0	
6	omegafantasy__ent_b26df1adb84e04a4__v151	1389.532641	48	40.0	0.8333333333333334	1385.3	
7	rank01__omegafantasy__大漩涡__v12	1370.08832	48	40.0	0.8333333333333334	1347.1	
8	anon__f62c21b0b4dc2b75__e95ab116e98967b5__v6	1359.528669	48	46.0	0.9583333333333334	1191.2	
9	anon__d07740e195597758__8688418c287d7728__v22	1330.793642	48	45.5	0.9479166666666666	1225.4	
10	anon__0144a65942dc8494__024d65c7cf83cc91__v86	1308.563936	48	40.5	0.84375	1217.3	
11	alphaGem__ent_a081a420c4d0e0a6__v7	1296.000056	48	39.0	0.8125	1189.6	
12	omegafantasy__ent_f623126f786e2407__v28	1269.117362	48	35.0	0.7291666666666666	1264.9	
13	omegafantasy__ent_565b3a0feec7942d__v1	1258.335458	48	34.5	0.71875	1251.7	
14	ccz181078__ent_c75b5a7758ea1d6d__v9	1255.247774	48	38.0	0.7916666666666666	1308.3	
15	rank03__Escape233__Escape__v202	1236.445164	48	34.5	0.71875	1242.7	
16	NoNoNoNoMushroom__ent_9f14d4e7fe376096__v19	1226.672603	48	38.5	0.8020833333333334		
17	rank06__hyn0027__D_0027__v64	1216.853227	48	33.0	0.6875	1180.5	
18	anon__5e7c5ccd98937275__66aa3227651052e9__v29	1203.982803	48	43.5	0.90625	1263.5	
19	anon__5e7c5ccd98937275__0bc9d4c3dadc51e6__v7	1199.990612	48	44.0	0.9166666666666666	1282.7	
20	anon__c42cf52d464192c2__a1333e1f8ef8e318__v13	1189.973951	48	38.5	0.8020833333333334	1194.2	
21	anon__c42cf52d464192c2__27606ac8740d858e__v54	1177.057793	48	41.0	0.8541666666666666	1240.5	
22	YSwinner09__ent_62dd2508141b6fb3__v17	1168.108854	48	35.5	0.7395833333333334	979.4	
23	anon__8f187ecfc95fbc54__4595364ec139e7fb__v117	1159.847034	48	42.5	0.8854166666666666		
24	anon__d07740e195597758__49f2a80d191ab747__v49	1157.743459	48	41.0	0.8541666666666666	1303.0	
25	omegafantasy__ent_1e3402a7e944834d__v57	1154.565992	48	29.0	0.6041666666666666	1152.7	
26	YSwinner09__ent_b772f4ca8c37f2b7__v5	1153.011475	48	31.5	0.65625	1087.9	
27	YSwinner09__ent_71a917eb6ce973fb__v15	1141.211396	48	33.5	0.6979166666666666	979.9	
28	YSwinner09__ent_947553aff935601d__v1	1139.792145	48	33.5	0.6979166666666666	1074.1	
29	hyn0027__ent_0fcbcda5fdc09dbe__v17	1136.253447	48	32.0	0.6666666666666666	1237.4	
30	anon__d07740e195597758__0ae815a43aa71b46__v27	1135.693981	48	39.5	0.8229166666666666	1138.1	
31	YSwinner09__ent_a113928719af5186__v2	1124.039173	48	31.5	0.65625	928.7	
32	alphaGem__ent_a48d19d90f9b1c52__v9	1117.48973	48	31.5	0.65625	1061.4	
33	hyn0027__ent_51b01fe311f0869b__v24	1110.031013	48	29.5	0.6145833333333334	1195.9	
34	anon__6e5a740239f8ca24__b1ced938e8b38a69__v100	1106.616032	48	41.0	0.8541666666666666	1276.7	
35	hyn0027__ent_7c1f20edebd5df1a__v261	1101.444738	48	27.0	0.5625	1138.1	
36	anon__c42cf52d464192c2__5a6ca7ca231c6128__v1	1100.367665	48	37.5	0.78125	1050.8	
37	rank05__YSwinner09__Lucifer__v83	1098.340533	48	27.5	0.5729166666666666	1094.1	
38	YSwinner09__ent_2584894508e4afdf__v7	1091.036905	48	31.5	0.65625	951.6	
39	NoNoNoNoMushroom__ent_9b941b84757d67f2__v26	1083.381566	48	31.0	0.6458333333333334		
40	omegafantasy__ent_f76ef5ea102539db__v4	1083.360544	48	25.5	0.53125	1220.1	
41	rank08__NoNoNoNoMushroom__Orestes__v7	1081.344484	48	26.0	0.5416666666666666	937.0	
42	NoNoNoNoMushroom__ent_e86e0a5f1d4f5a27__v29	1067.556443	48	31.5	0.65625		
43	anon__c42cf52d464192c2__7a81d2affc18aa88__v110	1065.04612	48	35.0	0.7291666666666666	999.5	
44	Michael__ent_4c0218ea40874897__v29	1062.906224	48	26.5	0.5520833333333334		
45	YSwinner09__ent_494aa0cad2468df9__v4	1061.032477	48	30.0	0.625	967.0	
46	anon__12d01384f2d33a9b__237270e55914ce08__v1	1053.2952	48	41.0	0.8541666666666666	917.1	
47	YSwinner09__ent_d364789627f42481__v14	1046.865891	48	24.5	0.5104166666666666	870.9	
48	anon__f62c21b0b4dc2b75__c58db4af7bb9d8a3__v1	1037.880017	48	39.5	0.8229166666666666	1207.2	
49	ccutyear__ent_9dc9f9e6f84b4b69__v29	1036.479048	48	30.5	0.6354166666666666	1029.3	
50	YSwinner09__ent_d852462c428660d9__v6	1033.52613	48	25.0	0.5208333333333334	801.8	
51	anon__5e7c5ccd98937275__7fbded75c6ea5357__v2	1024.464974	48	38.5	0.8020833333333334	1109.3	
52	YSwinner09__ent_983743a84a959540__v33	1016.39881	48	25.5	0.53125	968.1	
53	anon__146c4165bac1a45e__93f82ef5b12feb6e__v3	1009.262377	48	40.0	0.8333333333333334	935.9	
54	anon__c42cf52d464192c2__e93c96e363e64791__v1	995.804257	48	30.5	0.6354166666666666	1127.7	
55	anon__0411deeb3468c274__a0ae898f2525d3ed__v3	982.47619	48	33.5	0.6979166666666666	967.8	
56	anon__2aaac40023d11728__b5a472ee97861c59__v13	981.848924	48	36.0	0.75	1000.5	
57	hyn0027__ent_568e76acb0fd3957__v1	979.006222	48	22.0	0.4583333333333333	1131.8	
58	anon__8f187ecfc95fbc54__365c215b1bdd7934__v16	976.213015	48	37.0	0.7708333333333334	995.3	
59	anon__3f418407625b3d7e__632d9787b496b70e__v98	976.065814	48	35.0	0.7291666666666666	882.7	
60	anon__7f4c27575078ed4a__81147709849a09bc__v6	975.885195	48	37.5	0.78125	1026.5	
61	YSwinner09__ent_93baf760e51d5921__v13	975.017286	48	23.0	0.4791666666666667	821.6	
62	YSwinner09__ent_b89d6dd185b387f7__v7	973.898426	48	20.0	0.4166666666666667	809.4	
63	anon__5e7c5ccd98937275__f303a17fc76819e5__v2	969.236847	48	37.0	0.7708333333333334	1024.9	
64	YSwinner09__ent_fe9b79984467454a__v2	955.386817	48	22.5	0.46875	896.4	
65	omegafantasy__ent_9fc73add460a06de__v1	954.327097	48	19.0	0.3958333333333333	1049.2	
66	anon__0411deeb3468c274__7e996e148f59836b__v1	946.861105	48	31.5	0.65625	898.3	
67	anon__02720d98e4c6c053__8f6e5017d1eb620f__v19	945.198687	48	27.5	0.5729166666666666	1101.9	
68	YSwinner09__ent_dab7a3f80a069bcf__v4	943.40822	48	21.5	0.4479166666666667	777.2	
69	rank09__Michael__非芦花鸡__v64	943.339184	48	19.0	0.3958333333333333	882.0	
70	NoNoNoNoMushroom__ent_10a3fd710c17a6e9__v107	922.449965	48	21.5	0.4479166666666667		
71	anon__9ed63709e0595334__c50a2ecabe017a04__v9	902.610254	48	27.5	0.5729166666666666		
72	Michael__ent_d9897ffc317d2daa__v15	898.833166	48	19.5	0.40625		
73	anon__2982865b445fca4d__80403fc6d093fdbc__v3	897.125762	48	32.5	0.6770833333333334	808.3	
74	YSwinner09__ent_41154c7a4c5ab480__v3	889.615153	48	19.0	0.3958333333333333	761.8	
75	anon__0411deeb3468c274__55a5e6af6555a365__v14	889.055118	48	28.5	0.59375	839.6	
76	YSwinner09__ent_15de300832c6be58__v1	887.782491	48	20.5	0.4270833333333333	658.5	
77	Michael__ent_710ab17c60481801__v1	880.540607	48	17.5	0.3645833333333333		
78	anon__c42cf52d464192c2__cd25c2b4c5b78cb7__v2	880.501923	48	24.5	0.5104166666666666	926.7	
79	anon__9ed63709e0595334__057b1a06d300c79b__v33	871.370522	48	27.0	0.5625		
80	anon__2982865b445fca4d__03f3bb5d02114ac9__v13	865.73157	48	32.0	0.6666666666666666	763.5	
81	anon__fe13018c4ab2eb2d__cbdd395f5670ad09__v1	863.934404	48	28.0	0.5833333333333334	782.2	
82	anon__ccb3e5f80046d67c__2c91a7caf5ba609e__v6	861.87213	48	26.0	0.5416666666666666	1007.4	
83	YSwinner09__ent_c15048428cc1ad17__v3	852.973847	48	14.0	0.2916666666666667	707.5	
84	anon__88da206d1d6888c9__283b702cc2ae9b7b__v1	847.251363	48	32.5	0.6770833333333334	855.5	
85	anon__d07740e195597758__de70ac45d4ec559a__v44	846.155458	48	31.5	0.65625	907.4	
86	Michael__ent_6912a30d3d404884__v1	840.071176	48	15.5	0.3229166666666667		
87	anon__11126fcc9a437fae__a6083dff25aa017e__v37	834.158093	48	30.5	0.6354166666666666	806.6	
88	anon__c90b1f70ba568375__ba71acd3d06f0399__v2	834.002489	48	23.0	0.4791666666666667	811.2	
89	YSwinner09__ent_8da2501a5894abd3__v1	831.039974	48	14.5	0.3020833333333333	583.6	
90	anon__ccb3e5f80046d67c__49c0c9061b591f1f__v1	815.883539	48	24.5	0.5104166666666666	989.4	
91	anon__c642b92b5ed490f5__31395fc66e95f208__v12	811.571928	48	22.0	0.4583333333333333	968.0	
92	ccutyear__ent_0b9aa86fbbd57077__v3	811.052727	48	24.0	0.5	846.3	
93	anon__e270e1039133f4bb__2c0e9953a335dc85__v19	810.372391	48	29.0	0.6041666666666666	877.4	
94	YSwinner09__ent_bd4866a06301ce8d__v20	806.16146	48	11.0	0.22916666666666666	628.1	
95	anon__ba9f41f370e48da7__db4e946a94aea60b__v1	798.44511	48	24.0	0.5		
96	hyn0027__ent_fa097d40dd1adb94__v1	795.048848	48	11.0	0.22916666666666666	1014.9	
97	ccutyear__ent_3b960f096446fb13__v1	769.940791	48	19.0	0.3958333333333333	845.5	
98	ccutyear__ent_a98261382b3deca3__v1	767.084	48	16.0	0.3333333333333333	859.9	
99	ccutyear__ent_39a60f568d816d6f__v1	763.289744	48	20.0	0.4166666666666667	878.2	
100	anon__fe13018c4ab2eb2d__8d0c3aeaf32225bc__v1	725.135795	48	21.5	0.4479166666666667	729.5	
101	YSwinner09__ent_a095e3b835c8ab5e__v1	723.122503	48	9.5	0.19791666666666666	617.7	
102	anon__5e7c5ccd98937275__f7a06908938268e3__v1	694.017507	48	25.0	0.5208333333333334	748.9	
103	anon__73b1c60ac84adf3e__d355e95ec8a8e1f3__v1	679.738713	48	22.0	0.4583333333333333		
104	anon__1b32c4a8070d0e1d__d8f40f5772ae6772__v6	678.075702	48	24.0	0.5	640.7	
105	alphaGem__ent_01cab9f7db29408a__v3	676.477359	48	10.0	0.20833333333333334	497.6	
106	anon__0dfb5638b759a534__98f352aebcc9f3ef__v4	673.642302	48	23.5	0.4895833333333333	547.7	
107	anon__5006a8415cf1585c__010c27e97f9fd8f9__v1	672.807641	48	21.5	0.4479166666666667		
108	Michael__ent_702181c274b95946__v1	668.993474	48	8.5	0.17708333333333334		
109	anon__8961351b3793e5be__7c267bca5b29fdb8__v3	665.74195	48	23.0	0.4791666666666667		
110	anon__e270e1039133f4bb__c711451c722dcea3__v1	664.495478	48	21.0	0.4375	758.5	
111	anon__8961351b3793e5be__c0bbaab353da5d42__v1	664.348221	48	23.0	0.4791666666666667		
112	anon__9d7a1602e24b8a65__e5ec91c4af53af29__v6	661.283943	48	17.5	0.3645833333333333	730.3	
113	YSwinner09__ent_00fd07560b1a914f__v2	653.707006	48	9.5	0.19791666666666666	614.9	
114	anon__9d7a1602e24b8a65__53af8ebc45888c3f__v1	653.033167	48	19.5	0.40625		
115	anon__5e7c5ccd98937275__cee28820cd617385__v1	651.214679	48	22.5	0.46875	738.5	
116	anon__d3d034ee58976cb0__ee4af1f004b61169__v1	650.265481	48	21.5	0.4479166666666667	688.5	
117	anon__fe13018c4ab2eb2d__59a80acd5f486071__v5	644.863964	48	20.0	0.4166666666666667	689.1	
118	anon__9eb351b3bc416db5__651072d1a9918378__v1	642.104137	48	16.5	0.34375	749.6	
119	anon__5f36e4f0fc2ee339__d0814c1544e5f108__v1	636.95799	48	21.0	0.4375	661.8	
120	anon__5006a8415cf1585c__6c8c79efc1379687__v1	635.679991	48	20.5	0.4270833333333333		
121	anon__0411deeb3468c274__0b0ba594ac85beb9__v1	635.108546	48	16.0	0.3333333333333333	410.1	
122	anon__0411deeb3468c274__a71ef58aaa0efbef__v3	633.297932	48	18.5	0.3854166666666667	695.9	
123	anon__61bd82c54d44a6f3__1d821aca900a9ba1__v1	633.244649	48	20.5	0.4270833333333333	639.4	
124	anon__9d7a1602e24b8a65__ae74b88204fc2ff0__v1	626.719101	48	17.0	0.3541666666666667	750.5	
125	anon__fe13018c4ab2eb2d__25d0c44f10b03670__v1	617.855222	48	19.5	0.40625	539.4	
126	anon__e270e1039133f4bb__6b3acb405851bbfb__v1	613.827395	48	20.0	0.4166666666666667	726.1	
127	anon__11126fcc9a437fae__9f3517686f0addc6__v1	610.584443	48	19.0	0.3958333333333333	520.9	
128	anon__b561670d8350d5aa__d8fb3afea7b387b8__v1	608.368217	48	15.0	0.3125	638.2	
129	anon__028cb70a9cdd766a__d826d181f181a9a1__v1	595.796704	48	14.0	0.2916666666666667	597.9	
130	anon__11b64e6036a86d20__20eb2816496852d8__v2	589.483316	48	18.0	0.375	584.1	
131	anon__c90b1f70ba568375__24e6f5d2fe8194b4__v1	588.874684	48	12.0	0.25	572.6	
132	anon__e4c11bb28becc354__16d4d841c4351dbb__v1	585.664704	48	17.5	0.3645833333333333	826.6	
133	anon__a8a409336242bbad__b97bddbcf9d6f911__v4	583.822958	48	11.0	0.22916666666666666	676.1	
134	anon__28c8a73b90fea0cb__df95bf7cb0e474ce__v1	582.278438	48	18.5	0.3854166666666667	664.5	
135	anon__028cb70a9cdd766a__48e65104c0aafb96__v1	579.748287	48	12.5	0.2604166666666667	522.1	
136	anon__b1e706f8a0269d2f__7861f23f319e7cab__v1	577.300413	48	11.5	0.23958333333333334	634.1	
137	anon__fe13018c4ab2eb2d__71fde41f2af20c4a__v1	576.246246	48	15.5	0.3229166666666667	655.4	
138	anon__6afa849ce63d6db9__eabd259e3730095b__v2	573.42844	48	15.5	0.3229166666666667	681.9	
139	anon__1b32c4a8070d0e1d__122bcfc485441524__v1	563.048678	48	18.5	0.3854166666666667	530.5	
140	anon__4e1ffd6c24f97a74__76e1e2e21bf6a948__v1	561.655972	48	15.0	0.3125		
141	anon__e6b96bde9371867c__89ada709655023a6__v8	558.849305	48	16.5	0.34375	614.4	
142	anon__e3d5962348fbab94__a47d323913f97bae__v1	558.823836	48	16.0	0.3333333333333333	684.9	
143	anon__11b64e6036a86d20__ba81c7d4cced9b63__v2	556.017884	48	17.0	0.3541666666666667	516.2	
144	anon__6395ee9e7069e036__acfadbbc342d5f2c__v1	551.316377	48	15.0	0.3125	673.1	
145	anon__02720d98e4c6c053__665d5e9d4fdf5534__v2	550.664984	48	10.0	0.20833333333333334	491.5	
146	anon__0dfb5638b759a534__6b531955b9eff665__v1	549.114846	48	17.0	0.3541666666666667	529.2	
147	anon__5e7c5ccd98937275__0ce5dd020e273901__v1	545.435507	48	15.0	0.3125	577.6	
148	anon__6e5a740239f8ca24__630b074dc80c3cf6__v1	544.237469	48	14.0	0.2916666666666667	534.3	
149	anon__0dfb5638b759a534__c2c72770a43575e4__v1	543.152316	48	16.0	0.3333333333333333		
150	rank10__austin0072009__默认__v1	541.188688	48	4.5	0.09375	609.1	
151	anon__e270e1039133f4bb__f5033c48f712ba4f__v1	530.054343	48	14.0	0.2916666666666667	640.5	
152	anon__e270e1039133f4bb__6cdee5f3ab29d874__v1	524.724874	48	15.5	0.3229166666666667	585.6	
153	anon__5afb6d915c4c0ae5__a4a9ce016e397e41__v3	521.148029	48	14.5	0.3020833333333333	692.1	
154	anon__7229c33761218027__5cff0ad73c4368d1__v1	519.119828	48	13.0	0.2708333333333333	577.1	
155	anon__0411deeb3468c274__7bf9d07a6fc0cbba__v31	502.691093	48	11.0	0.22916666666666666	428.5	
156	anon__4e1ffd6c24f97a74__c67f4bff7194250e__v3	501.376671	48	12.0	0.25		
157	anon__048066adc1ea9b4c__4bc1faa86a45dae7__v1	500.435671	48	13.0	0.2708333333333333	460.0	
158	anon__6e5a740239f8ca24__8c3b95d37b908b9c__v1	497.55774	48	11.5	0.23958333333333334	591.7	
159	hyn0027__ent_2d005bfe5d30fd12__v2	490.068765	48	4.5	0.09375	566.8	
160	anon__c90b1f70ba568375__6e69a4844fb43f23__v1	485.535446	48	8.5	0.17708333333333334	543.3	
161	Michael__ent_24885800d57be5d4__v1	468.986581	48	3.0	0.0625		
162	anon__048066adc1ea9b4c__aa32779dba837a0b__v2	460.206638	48	11.5	0.23958333333333334	385.0	
163	anon__1b32c4a8070d0e1d__d8d3ab09fd44b4fd__v1	433.347937	48	12.0	0.25	393.4	
164	anon__b1e706f8a0269d2f__7a66b0927366ef78__v1	430.394206	48	6.5	0.13541666666666666	673.9	
165	anon__e3cb334a2c1217ec__9af05f5a06eebd40__v1	417.43697	48	9.0	0.1875	547.6	
166	anon__e270e1039133f4bb__6d5f88710e2e417c__v4	415.385108	48	10.5	0.21875	481.5	
167	anon__e3cb334a2c1217ec__cdc7c371684135e6__v4	348.639976	48	6.5	0.13541666666666666	540.1	
168	anon__6eb0a8419dc607b9__d4be264c2aded959__v3	282.882247	48	4.0	0.08333333333333333	390.2	
169	anon__4e1ffd6c24f97a74__3c5563161721fb0b__v1	154.453559	48	2.0	0.041666666666666664		
170	anon__c90b1f70ba568375__71f452cd8483d44e__v2	-77.61181	48	0.0	0.0	21.4	
